"AUC","ff","frac","rea"
0.7,0.05,0.1,1
0.8,0.1,0.1,1
0.8,0.2,0.1,1
0.775,0.05,0.2,1
0.577777777777778,0.1,0.2,1
0.744444444444444,0.2,0.2,1
0.635,0.05,0.3,1
0.702020202020202,0.1,0.3,1
0.545,0.2,0.3,1
0.463888888888889,0.05,0.4,1
0.694117647058824,0.1,0.4,1
0.594117647058824,0.2,0.4,1
0.541666666666667,0.05,0.5,1
0.552631578947369,0.1,0.5,1
0.464285714285714,0.2,0.5,1
0.48989898989899,0.05,0.6,1
0.501333333333333,0.1,0.6,1
0.609022556390977,0.2,0.6,1
0.691818181818182,0.05,0.7,1
0.536111111111111,0.1,0.7,1
0.49,0.2,0.7,1
0.531960227272727,0.05,0.8,1
0.535862068965517,0.1,0.8,1
0.519890260631001,0.2,0.8,1
0.569570135746606,0.05,0.9,1
0.506734006734007,0.1,0.9,1
0.5703125,0.2,0.9,1
0.5449604743083,0.05,1,1
0.597670250896057,0.1,1,1
0.498198198198198,0.2,1,1
0.833333333333333,0.05,0.1,2
0.8,0.1,0.1,2
0.5,0.2,0.1,2
0.636363636363636,0.05,0.2,2
0.4375,0.1,0.2,2
0.6,0.2,0.2,2
0.535353535353535,0.05,0.3,2
0.68,0.1,0.3,2
0.713541666666667,0.2,0.3,2
0.620879120879121,0.05,0.4,2
0.505681818181818,0.1,0.4,2
0.522727272727273,0.2,0.4,2
0.616071428571429,0.05,0.5,2
0.521052631578947,0.1,0.5,2
0.570175438596491,0.2,0.5,2
0.5475,0.05,0.6,2
0.578282828282828,0.1,0.6,2
0.623697916666667,0.2,0.6,2
0.598731884057971,0.05,0.7,2
0.575454545454546,0.1,0.7,2
0.532727272727273,0.2,0.7,2
0.565843621399177,0.05,0.8,2
0.608664772727273,0.1,0.8,2
0.529166666666667,0.2,0.8,2
0.562847608453837,0.05,0.9,2
0.507254464285714,0.1,0.9,2
0.48709315375982,0.2,0.9,2
0.570409982174688,0.05,1,2
0.535394265232975,0.1,1,2
0.586452762923351,0.2,1,2
0.75,0.05,0.1,3
0.666666666666667,0.1,0.1,3
0.583333333333333,0.2,0.1,3
0.572916666666667,0.05,0.2,3
0.6875,0.1,0.2,3
0.583333333333333,0.2,0.2,3
0.409090909090909,0.05,0.3,3
0.619791666666667,0.1,0.3,3
0.560606060606061,0.2,0.3,3
0.548295454545454,0.05,0.4,3
0.625,0.1,0.4,3
0.591666666666667,0.2,0.4,3
0.494736842105263,0.05,0.5,3
0.593425605536332,0.1,0.5,3
0.53859649122807,0.2,0.5,3
0.59846547314578,0.05,0.6,3
0.614035087719298,0.1,0.6,3
0.56625,0.2,0.6,3
0.53713768115942,0.05,0.7,3
0.474624060150376,0.1,0.7,3
0.498168498168498,0.2,0.7,3
0.537931034482759,0.05,0.8,3
0.677197802197802,0.1,0.8,3
0.538461538461538,0.2,0.8,3
0.53337041156841,0.05,0.9,3
0.520361990950226,0.1,0.9,3
0.598772321428571,0.2,0.9,3
0.618983957219251,0.05,1,3
0.648611111111111,0.1,1,3
0.554812834224599,0.2,1,3
0.75,0.05,0.1,4
0.833333333333333,0.1,0.1,4
0.916666666666667,0.2,0.1,4
0.530612244897959,0.05,0.2,4
0.708333333333333,0.1,0.2,4
0.604166666666667,0.2,0.2,4
0.529761904761905,0.05,0.3,4
0.727272727272727,0.1,0.3,4
0.614583333333333,0.2,0.3,4
0.666666666666667,0.05,0.4,4
0.769230769230769,0.1,0.4,4
0.574175824175824,0.2,0.4,4
0.58421052631579,0.05,0.5,4
0.767857142857143,0.1,0.5,4
0.626373626373626,0.2,0.5,4
0.538847117794486,0.05,0.6,4
0.49749373433584,0.1,0.6,4
0.64125,0.2,0.6,4
0.546363636363636,0.05,0.7,4
0.582407407407408,0.1,0.7,4
0.516283524904215,0.2,0.7,4
0.550754458161866,0.05,0.8,4
0.540673211781206,0.1,0.8,4
0.507352941176471,0.2,0.8,4
0.576879910213243,0.05,0.9,4
0.572337962962963,0.1,0.9,4
0.562279670975323,0.2,0.9,4
0.601648351648352,0.05,1,4
0.627949183303085,0.1,1,4
0.5,0.2,1,4
0.7,0.05,0.1,5
1,0.1,0.1,5
0.666666666666667,0.2,0.1,5
0.477777777777778,0.05,0.2,5
0.541666666666667,0.1,0.2,5
0.5875,0.2,0.2,5
0.494949494949495,0.05,0.3,5
0.664835164835165,0.1,0.3,5
0.585,0.2,0.3,5
0.516483516483517,0.05,0.4,5
0.619318181818182,0.1,0.4,5
0.536931818181818,0.2,0.4,5
0.550877192982456,0.05,0.5,5
0.482638888888889,0.1,0.5,5
0.523214285714286,0.2,0.5,5
0.534526854219949,0.05,0.6,5
0.63625,0.1,0.6,5
0.572890025575448,0.2,0.6,5
0.417582417582418,0.05,0.7,5
0.537545787545787,0.1,0.7,5
0.573754789272031,0.2,0.7,5
0.498620689655172,0.05,0.8,5
0.51448275862069,0.1,0.8,5
0.418653576437588,0.2,0.8,5
0.532547699214366,0.05,0.9,5
0.526785714285714,0.1,0.9,5
0.561666666666667,0.2,0.9,5
0.453405017921147,0.05,1,5
0.581093189964158,0.1,1,5
0.545238095238095,0.2,1,5
0.666666666666667,0.05,0.1,6
0.6,0.1,0.1,6
0.6,0.2,0.1,6
0.722222222222222,0.05,0.2,6
0.755555555555556,0.1,0.2,6
0.530612244897959,0.2,0.2,6
0.633333333333333,0.05,0.3,6
0.61,0.1,0.3,6
0.583333333333333,0.2,0.3,6
0.547058823529412,0.05,0.4,6
0.527777777777778,0.1,0.4,6
0.569444444444445,0.2,0.4,6
0.622837370242215,0.05,0.5,6
0.592013888888889,0.1,0.5,6
0.643939393939394,0.2,0.5,6
0.680555555555555,0.05,0.6,6
0.611528822055138,0.1,0.6,6
0.681318681318681,0.2,0.6,6
0.552536231884058,0.05,0.7,6
0.468297101449275,0.1,0.7,6
0.574175824175824,0.2,0.7,6
0.523448275862069,0.05,0.8,6
0.577138849929874,0.1,0.8,6
0.484137931034483,0.2,0.8,6
0.521666666666667,0.05,0.9,6
0.493714285714286,0.1,0.9,6
0.502790178571428,0.2,0.9,6
0.502722323049002,0.05,1,6
0.622958257713249,0.1,1,6
0.493303571428571,0.2,1,6
0.5,0.05,0.1,7
0.666666666666667,0.1,0.1,7
0.7,0.2,0.1,7
0.729166666666667,0.05,0.2,7
0.655555555555556,0.1,0.2,7
0.581632653061224,0.2,0.2,7
0.625,0.05,0.3,7
0.58,0.1,0.3,7
0.464646464646465,0.2,0.3,7
0.611111111111111,0.05,0.4,7
0.594117647058823,0.1,0.4,7
0.458333333333333,0.2,0.4,7
0.592982456140351,0.05,0.5,7
0.616319444444445,0.1,0.5,7
0.594736842105263,0.2,0.5,7
0.444444444444444,0.05,0.6,7
0.588,0.1,0.6,7
0.457417582417582,0.2,0.6,7
0.446363636363636,0.05,0.7,7
0.588768115942029,0.1,0.7,7
0.638181818181818,0.2,0.7,7
0.650344827586207,0.05,0.8,7
0.502758620689655,0.1,0.8,7
0.541895604395604,0.2,0.8,7
0.574527252502781,0.05,0.9,7
0.59375,0.1,0.9,7
0.589366515837104,0.2,0.9,7
0.511140819964349,0.05,1,7
0.614864864864865,0.1,1,7
0.422905525846702,0.2,1,7
0.6,0.05,0.1,8
0.4,0.1,0.1,8
0.9,0.2,0.1,8
0.477777777777778,0.05,0.2,8
0.636363636363636,0.1,0.2,8
0.75,0.2,0.2,8
0.65934065934066,0.05,0.3,8
0.626373626373626,0.1,0.3,8
0.797619047619047,0.2,0.3,8
0.491666666666667,0.05,0.4,8
0.576470588235294,0.1,0.4,8
0.563186813186813,0.2,0.4,8
0.518315018315018,0.05,0.5,8
0.638257575757576,0.1,0.5,8
0.539930555555555,0.2,0.5,8
0.52,0.05,0.6,8
0.56875,0.1,0.6,8
0.523809523809524,0.2,0.6,8
0.43956043956044,0.05,0.7,8
0.510909090909091,0.1,0.7,8
0.622727272727273,0.2,0.7,8
0.52020202020202,0.05,0.8,8
0.525377229080933,0.1,0.8,8
0.557931034482759,0.2,0.8,8
0.553571428571429,0.05,0.9,8
0.498316498316498,0.1,0.9,8
0.566217732884399,0.2,0.9,8
0.530803571428571,0.05,1,8
0.502678571428571,0.1,1,8
0.529569892473118,0.2,1,8
0.75,0.05,0.1,9
0.9,0.1,0.1,9
0.7,0.2,0.1,9
0.802083333333333,0.05,0.2,9
0.675,0.1,0.2,9
0.577777777777778,0.2,0.2,9
0.604395604395604,0.05,0.3,9
0.465,0.1,0.3,9
0.5,0.2,0.3,9
0.508333333333333,0.05,0.4,9
0.666666666666667,0.1,0.4,9
0.58641975308642,0.2,0.4,9
0.771929824561403,0.05,0.5,9
0.580586080586081,0.1,0.5,9
0.543956043956044,0.2,0.5,9
0.50125313283208,0.05,0.6,9
0.534526854219949,0.1,0.6,9
0.506510416666667,0.2,0.6,9
0.498168498168498,0.05,0.7,9
0.531702898550725,0.1,0.7,9
0.502777777777778,0.2,0.7,9
0.48533950617284,0.05,0.8,9
0.535511363636364,0.1,0.8,9
0.59478021978022,0.2,0.8,9
0.543402777777778,0.05,0.9,9
0.614571746384872,0.1,0.9,9
0.543937708565073,0.2,0.9,9
0.462234042553191,0.05,1,9
0.551801801801802,0.1,1,9
0.51747311827957,0.2,1,9
0.833333333333333,0.05,0.1,10
0.8,0.1,0.1,10
0.5,0.2,0.1,10
0.448979591836735,0.05,0.2,10
0.625,0.1,0.2,10
0.636363636363636,0.2,0.2,10
0.6,0.05,0.3,10
0.595,0.1,0.3,10
0.483516483516484,0.2,0.3,10
0.56043956043956,0.05,0.4,10
0.627777777777778,0.1,0.4,10
0.572222222222222,0.2,0.4,10
0.612456747404844,0.05,0.5,10
0.586080586080586,0.1,0.5,10
0.465201465201465,0.2,0.5,10
0.543478260869565,0.05,0.6,10
0.565217391304348,0.1,0.6,10
0.511363636363636,0.2,0.6,10
0.597744360902256,0.05,0.7,10
0.582375478927203,0.1,0.7,10
0.653985507246377,0.2,0.7,10
0.544642857142857,0.05,0.8,10
0.557528409090909,0.1,0.8,10
0.478708791208791,0.2,0.8,10
0.502828054298643,0.05,0.9,10
0.511428571428572,0.1,0.9,10
0.517797552836485,0.2,0.9,10
0.572192513368984,0.05,1,10
0.524509803921569,0.1,1,10
0.593864468864469,0.2,1,10
