llmbd,max,q3,q2,q1,min
-13.8155105579643,1,0.894736842105263,0.473684210526316,0.230263157894737,0
-13.497912614103,1,0.894736842105263,0.513157894736842,0.263157894736842,0
-13.1803146702418,1,0.921052631578947,0.578947368421053,0.289473684210526,0
-12.8627167263805,1,0.921052631578947,0.605263157894737,0.355263157894737,0
-12.5451187825193,1,0.947368421052632,0.68421052631579,0.394736842105263,0
-12.227520838658,1,0.947368421052632,0.710526315789474,0.394736842105263,0
-11.9099228947968,1,0.947368421052632,0.736842105263158,0.421052631578947,0
-11.5923249509355,1,0.947368421052632,0.763157894736842,0.473684210526316,0
-11.2747270070743,1,0.973684210526316,0.789473684210526,0.493421052631579,0
-10.957129063213,1,0.973684210526316,0.81578947368421,0.578947368421053,0
-10.6395311193518,1,0.973684210526316,0.842105263157895,0.605263157894737,0
-10.3219331754905,1,0.973684210526316,0.855263157894737,0.677631578947368,0
-10.0043352316293,1,0.973684210526316,0.894736842105263,0.717105263157895,0
-9.68673728776805,1,0.980263157894737,0.907894736842105,0.736842105263158,0
-9.36913934390681,1,0.973684210526316,0.921052631578947,0.763157894736842,0
-9.05154140004556,1,1,0.921052631578947,0.789473684210526,0
-8.73394345618431,1,0.986842105263158,0.921052631578947,0.789473684210526,0
-8.41634551232306,1,1,0.947368421052632,0.802631578947368,0
-8.09874756846181,1,1,0.947368421052632,0.802631578947368,0
-7.78114962460057,1,1,0.947368421052632,0.868421052631579,0
-7.46355168073932,1,1,0.973684210526316,0.901315789473684,0
-7.14595373687807,1,1,0.986842105263158,0.947368421052632,0
-6.82835579301682,0,0,0,0,0
-6.51075784915558,0,0,0,0,0
-6.19315990529433,0,0,0,0,0
-5.87556196143308,0,0,0,0,0
-5.55796401757183,0,0,0,0,0
-5.24036607371058,0,0,0,0,0
-4.92276812984934,0,0,0,0,0
-4.60517018598809,0,0,0,0,0
