,Feature_number,Percentage,Prevalence,AUC,loss_history,error_history,loglmbd
1,179,0.852380952380952,0.473684210526316,0.571428571428571,0.000460664800863015,9.99999595950149e-05,-13.8155105579643
2,169,0.804761904761905,0.526315789473684,0.392857142857143,0.000471597732294132,9.99957217084885e-05,-13.497912614103
3,160,0.761904761904762,0.578947368421053,0.464285714285714,0.000485180208141149,9.99924959229283e-05,-13.1803146702418
4,150,0.714285714285714,0.618421052631579,0.464285714285714,0.000506038670410436,9.99959693273679e-05,-12.8627167263805
5,140,0.666666666666667,0.697368421052632,0.660714285714286,0.000533119984362905,9.99987128428722e-05,-12.5451187825193
6,132,0.628571428571429,0.710526315789474,0.767857142857143,0.000602407325018262,0.000108064019668311,-12.227520838658
7,123,0.585714285714286,0.736842105263158,0.678571428571429,0.000688002512308048,0.000117488667862954,-11.9099228947968
8,116,0.552380952380952,0.776315789473684,0.767857142857143,0.000803020925699263,0.000126923973106819,-11.5923249509355
9,111,0.528571428571429,0.789473684210526,0.267857142857143,0.000993614767611172,0.000152213971748504,-11.2747270070743
10,100,0.476190476190476,0.81578947368421,0.375,0.00122242623393087,0.000166135546721815,-10.957129063213
11,94,0.447619047619048,0.842105263157895,0.642857142857143,0.00150580187015436,0.000194279564830077,-10.6395311193518
12,87,0.414285714285714,0.868421052631579,0.642857142857143,0.00187473665395287,0.000223668884641662,-10.3219331754905
13,77,0.366666666666667,0.894736842105263,0.660714285714286,0.00233645135315382,0.00025165587387868,-10.0043352316293
14,67,0.319047619047619,0.921052631578947,0.678571428571429,0.00281640469828273,0.000265605026758842,-9.68673728776805
15,60,0.285714285714286,0.921052631578947,0.464285714285714,0.00366868355681857,0.000322931129477055,-9.36913934390681
16,55,0.261904761904762,0.921052631578947,0.5,0.0047349245299437,0.000389808773361579,-9.05154140004556
17,46,0.219047619047619,0.934210526315789,0.339285714285714,0.00614028619129013,0.000379678995476027,-8.73394345618431
18,42,0.2,0.947368421052632,0.785714285714286,0.00835963375801332,0.000422023540133951,-8.41634551232306
19,42,0.2,0.960526315789474,0.410714285714286,0.0120076280041356,0.000475301821589895,-8.09874756846181
20,36,0.171428571428571,0.960526315789474,0.285714285714286,0.0182604313695197,0.00042368511957826,-7.78114962460057
21,33,0.157142857142857,0.973684210526316,0.464285714285714,0.0309926792856125,0.000439742948311695,-7.46355168073932
22,37,0.176190476190476,1,0.5,0.11495779991727,0.000656395061822745,-7.14595373687807
23,0,0,0,0,8.18753025988939,9.5505011202146e-05,-6.82835579301682
24,0,0,0,0,8.18753331477496,9.58798406330841e-05,-6.51075784915558
25,0,0,0,0,8.1875348971924,9.60737095357933e-05,-6.19315990529433
26,0,0,0,0,8.18753539380077,9.61345103809297e-05,-5.87556196143308
27,0,0,0,0,8.18753542171523,9.6137927430684e-05,-5.55796401757183
28,0,0,0,0,8.18753542171523,9.6137927430684e-05,-5.24036607371058
29,0,0,0,0,8.18753542171523,9.6137927430684e-05,-4.92276812984934
30,0,0,0,0,8.18753542171523,9.6137927430684e-05,-4.60517018598809
